,precision,recall,f1-score,support
0,0.3333333333333333,0.5,0.4,4.0
1,0.3333333333333333,0.5,0.4,2.0
2,0.5,0.75,0.6,4.0
3,0.3333333333333333,0.3333333333333333,0.3333333333333333,3.0
4,0.5,0.5,0.5,2.0
5,1.0,0.5,0.6666666666666666,2.0
6,0.3333333333333333,0.25,0.28571428571428575,4.0
7,0.5,0.6666666666666666,0.5714285714285715,3.0
8,0.42857142857142855,1.0,0.6,3.0
9,0.0,0.0,0.0,4.0
10,0.0,0.0,0.0,3.0
11,0.75,0.75,0.75,4.0
12,0.6666666666666666,0.6666666666666666,0.6666666666666666,3.0
13,0.5,0.25,0.3333333333333333,4.0
14,0.5,0.6666666666666666,0.5714285714285715,3.0
15,0.3333333333333333,0.3333333333333333,0.3333333333333333,3.0
16,1.0,0.3333333333333333,0.5,3.0
17,0.6666666666666666,0.5,0.5714285714285715,4.0
18,0.5,0.3333333333333333,0.4,3.0
19,0.5,0.5,0.5,2.0
20,0.6666666666666666,0.6666666666666666,0.6666666666666666,3.0
21,0.3333333333333333,0.3333333333333333,0.3333333333333333,3.0
22,0.3333333333333333,0.3333333333333333,0.3333333333333333,3.0
23,0.3333333333333333,0.5,0.4,2.0
24,0.6666666666666666,0.6666666666666666,0.6666666666666666,3.0
25,0.0,0.0,0.0,3.0
accuracy,0.45,0.45,0.45,0.45
macro avg,0.46199633699633696,0.45512820512820507,0.4378205128205127,80.0
weighted avg,0.45565476190476184,0.45,0.4327976190476191,80.0
